<?xml version="1.0" encoding="UTF-8"?>
<project-private xmlns="http://www.netbeans.org/ns/project-private/1">
    <editor-bookmarks xmlns="http://www.netbeans.org/ns/editor-bookmarks/2" lastBookmarkId="0"/>
    <open-files xmlns="http://www.netbeans.org/ns/projectui-open-files/2">
        <group>
            <file>file:/C:/Users/oniha/Downloads/215-main/215-main/Project2/Project2/src/com/raven/form/Form_7.java</file>
            <file>file:/C:/Users/oniha/Downloads/215-main/215-main/Project2/Project2/src/com/raven/form/Form_9.java</file>
            <file>file:/C:/Users/oniha/Downloads/215-main/215-main/Project2/Project2/src/com/raven/main/Dashboard.java</file>
            <file>file:/C:/Users/oniha/Downloads/215-main/215-main/Project2/Project2/src/com/raven/component/Menu.java</file>
            <file>file:/C:/Users/oniha/Downloads/215-main/215-main/Project2/Project2/src/com/raven/form/Form_10.java</file>
            <file>file:/C:/Users/oniha/Downloads/215-main/215-main/Project2/Project2/src/com/raven/form/Form_8.java</file>
            <file>file:/C:/Users/oniha/Downloads/215-main/215-main/Project2/Project2/src/com/raven/form/Form_4.java</file>
        </group>
    </open-files>
</project-private>
